entry_type,author,title,journal,sjournal,year,volume,pages,eprint,url,eprinturl,publisher,address,link,optonline
article,Jacob Bedrossian and Jiajie Chen and Maria Pia Gualdani and Sehyun Ji and Vlad Vicol and Jincheng Yang,Finite time singularities in the {L}andau equation with very hard potentials,arXiv e-prints,,2026,,,2602.05981,,,,,,
article,"Yang, Jincheng and Zhang, Luhao and Chen, Ningyuan and Gao, Rui and Hu, Ming",Decision-making with side information: a causal transport robust approach,Operations Research,Oper. Res.,2026,,,,,https://optimization-online.org/wp-content/uploads/2022/10/Causal_DRO_FINAL-1.pdf,,,https://pubsonline.informs.org/doi/abs/10.1287/opre.2024.0997,20639
article,"Coiculescu, Matei P. and Yang, Jincheng",Conditional {L}iouville theorems for the {N}avier--{S}tokes equations,Calculus of Variations and Partial Differential Equations,,2026,65,22,2506.14533,,,,,,
article,"Yang, Jincheng and Martinez, Vincent R. and Mazzucato, Anna L. and Vasseur, Alexis F.",Energy dissipation near the outflow boundary in the vanishing viscosity limit,Indiana University Mathematics Journal,Indiana Univ. Math. J.,2025,,,2410.13127,,,,,https://www.iumj.indiana.edu,
article,Fei Cao and Jincheng Yang,Quantitative convergence guarantees for the mean-field dispersion process,Discrete and Continuous Dynamical Systems,Discrete Contin. Dyn. Syst.,2026,47,487-518,2406.05043,,,,,https://doi.org/10.3934/dcds.2025126,
article,Jincheng Yang,Vorticity interior trace estimates and higher derivative estimates via blow-up method,Journal of Differential Equations,J. Differ. Equ.,2025,442,113486,2308.09350,,,,,,
article,"Zhang, Luhao and Yang, Jincheng and Gao, Rui",A Short and General Duality Proof for Wasserstein Distributionally Robust Optimization,Operations Research,Oper. Res.,2025,73,2146-2155,2205.00362,,,,,https://doi.org/10.1287/opre.2023.0135,
article,Alexis F. Vasseur and Jincheng Yang,Layer separation of the 3{D} incompressible {N}avier--{S}tokes equation in a bounded domain,Communications in Partial Differential Equations,Comm. Partial Differential Equations,2024,49,381--409,2303.05236,,,Taylor \& Francis,,https://doi.org/10.1080/03605302.2024.2346146,
article,"Zhang, Luhao and Yang, Jincheng and Gao, Rui",Optimal robust policy for feature-based newsvendor,Management Science,Manag. Sci.,2024,70,2315-2329,,,https://optimization-online.org/wp-content/uploads/2021/12/Big_Data_Newsvendor-2.pdf,,,https://doi.org/10.1287/mnsc.2023.4810,18579
article,Alexis F. Vasseur and Jincheng Yang,Boundary vorticity estimates for {N}avier--{S}tokes and application to the inviscid limit,SIAM Journal on Mathematical Analysis,SIAM J. Math Anal.,2023,55,3081--3107,2110.02426,,,Society for Industrial {\&} Applied Mathematics ({SIAM}),,https://doi.org/10.1137/22m1503567,
article,"Yang, Jincheng",Construction of maximal functions associated with skewed cylinders generated by incompressible flows and applications,Annales de l'Institut Henri Poincaré C. Analyse Non Linéaire,Ann. Inst. H. Poincaré C Anal. Non Linéaire,2022,39,793--818,2008.05588,,,,,https://doi.org/10.4171/aihpc/20,
article,"Vasseur, Alexis F. and Yang, Jincheng",Second derivatives estimate of suitable solutions to the 3{D} {N}avier-{S}tokes equations,Archive for Rational Mechanics and Analysis,Arch. Ration. Mech. Anal.,2021,241,683--727,2009.14291,,,,,https://doi.org/10.1007/s00205-021-01661-4,
article,"Lin, Zhiwu and Yang, Jincheng and Zhu, Hao",Barotropic instability of shear flows,Studies in Applied Mathematics,Stud. Appl. Math.,2020,144,289--326,1801.00950,,,,,https://doi.org/10.1111/sapm.12297,
article,"Yang, Jincheng and Lin, Zhiwu",Linear inviscid damping for {C}ouette flow in stratified fluid,Journal of Mathematical Fluid Mechanics,J. Math. Fluid Mech.,2018,20,445--472,1610.08924,,,,,https://doi.org/10.1007/s00021-017-0328-3,
phdthesis,"Yang, Jincheng",Partial regularity results for the three-dimensional incompressible {N}avier--{S}tokes equation,,,2022,,,,,,,"Austin, USA",,
bachelorthesis,"Yang, Jincheng",Linear inviscid damping of a shear flow in a half-space and a finite channel,,,2017,,,,,,,"Xi'an, China",,
book,"Xie, Tao and Cheng, Xiangqian and Yang, Jincheng",RAPTOR} programme design tutorial,,,2014,,,,,,Tsinghua University Press,Beijing,http://www.tup.tsinghua.edu.cn/booksCenter/book_05438303.html,
